{
  "appid": "wx143cd4a54d6b57d9",
  "compileType": "miniprogram",
  "libVersion": "3.2.1",
  "packOptions": {
    "ignore": [],
    "include": []
  },
  "miniprogramRoot": "miniprogram/",
  "setting": {
    "packNpmManually": true,
    "packNpmRelationList": [
      {
        "packageJsonPath": "./package.json",
        "miniprogramNpmDistDir": "./miniprogram"
      }
    ],
    "useCompilerPlugins": [
      "sass"
    ],
    "coverView": true,
    "es6": true,
    "postcss": true,
    "minified": true,
    "enhance": true,
    "showShadowRootInWxmlPanel": true,
    "babelSetting": {
      "ignore": [],
      "disablePlugins": [],
      "outputPath": ""
    },
    "ignoreUploadUnusedFiles": true,
    "condition": false
  },
  "condition": {},
  "editorSetting": {
    "tabIndent": "auto",
    "tabSize": 2
  },
  "srcMiniprogramRoot": "miniprogram/"
}