{
  "description": "项目私有配置文件。此文件中的内容将覆盖 project.config.json 中的相同字段。项目的改动优先同步到此文件中。详见文档：https://developers.weixin.qq.com/miniprogram/dev/devtools/projectconfig.html",
  "projectname": "floor",
  "setting": {
    "compileHotReLoad": true,
    "urlCheck": false
  },
  "condition": {
    "miniprogram": {
      "list": [
        {
          "name": "订单列表",
          "pathName": "modules/orderPayModule/pages/order/list/list",
          "query": "",
          "launchMode": "default",
          "scene": null
        },
        {
          "name": "结算支付",
          "pathName": "modules/orderPayModule/pages/order/detail/detail",
          "query": "",
          "launchMode": "default",
          "scene": null
        },
        {
          "name": "购物车",
          "pathName": "pages/cart/cart",
          "query": "",
          "launchMode": "default",
          "scene": null
        },
        {
          "name": "商品详情",
          "pathName": "modules/goodModule/pages/goods/detail/detail",
          "query": "goodsId=18",
          "launchMode": "default",
          "scene": null
        },
        {
          "name": "商品列表",
          "pathName": "modules/goodModule/pages/goods/list/list",
          "query": "category1Id=1",
          "launchMode": "default",
          "scene": null
        },
        {
          "name": "收货地址列表",
          "pathName": "modules/settingModule/pages/address/list/index",
          "query": "",
          "launchMode": "default",
          "scene": null
        },
        {
          "name": "新增收货地址",
          "pathName": "modules/settingModule/pages/address/add/index",
          "query": "",
          "launchMode": "default",
          "scene": null
        },
        {
          "name": "商品分类",
          "pathName": "pages/category/category",
          "query": "",
          "launchMode": "default",
          "scene": null
        },
        {
          "name": "测试页面",
          "pathName": "pages/test/test",
          "query": "",
          "launchMode": "default",
          "scene": null
        }
      ]
    }
  },
  "libVersion": "3.2.2"
}